season,accuracy,roc_auc,log_loss,brier score,model
2021,0.7437185929648241,0.8098255089322809,0.5363137275963489,0.17679732781283328,SRS
2022,0.705,0.7524369410109537,0.6370315048773741,0.21235016544286062,SRS
2023,0.7450980392156863,0.8092150505943609,0.547749390611621,0.17608930061765063,SRS
2024,0.671875,0.7474134053081422,0.6340649559932142,0.21263866558513533,SRS
2025,0.7794871794871795,0.8646764580672627,0.454651414766334,0.15041156641858738,SRS
2021,0.6557377049180327,0.7183150183150184,0.6199592966803893,0.21355452364933206,Adj_GC
2022,0.6494845360824743,0.6580070415021871,0.6810468885874855,0.23781311159295743,Adj_GC
2023,0.645,0.6869565217391305,0.6545173641291719,0.22801582066512138,Adj_GC
2024,0.6096256684491979,0.638555633968478,0.7028175375419283,0.24510978115436727,Adj_GC
2025,0.6436170212765957,0.7108983128134976,0.6419819915894508,0.22389038491326121,Adj_GC
2021,0.75,0.8181361607142857,0.5293827480243157,0.1726247151052219,Adj_AWP
2022,0.7157360406091371,0.763943603566245,0.6103248915406458,0.20094078332042184,Adj_AWP
2023,0.7178217821782178,0.7969834087481146,0.5533832979405495,0.1829058951810779,Adj_AWP
2024,0.631578947368421,0.7027243589743589,0.6795481322455685,0.22854897379115546,Adj_AWP
2025,0.7589743589743589,0.8362068965517241,0.4966071277508938,0.16728293178627823,Adj_AWP
