season,n_teams,r,p_value,r_squared,model
2021,130,0.6498191301206929,6.037766622842534e-17,0.42226490187081406,SRS
2022,131,0.5629689910584854,2.5779875034773144e-12,0.316934084893409,SRS
2023,133,0.6101271528163067,6.404833689055167e-15,0.3722551426037329,SRS
2024,134,0.6909626628107989,2.485794343387822e-20,0.47742940139858975,SRS
2025,136,0.6249201300364721,4.2553913538553394e-16,0.39052516892480116,SRS
2021,130,0.1506691997179819,0.08706565728508646,0.022701207743657116,Adj_GC
2022,131,0.17444480013951247,0.046285174004234396,0.03043098829571445,Adj_GC
2023,133,0.15829362320014928,0.06879092253676576,0.02505687114583084,Adj_GC
2024,134,0.2349908497496174,0.006273888540433327,0.05522069946604726,Adj_GC
2025,136,0.1568946059614551,0.06813462062737308,0.02461591737980026,Adj_GC
2021,130,0.4816480451053158,6.576325124252066e-09,0.23198483935377232,Adj_AWP
2022,131,0.5665838822069659,1.7404951491932733e-12,0.321017295576717,Adj_AWP
2023,133,0.5868399056214305,1.144501585962012e-13,0.3443810748297695,Adj_AWP
2024,134,0.6931101193945676,1.7008378135349214e-20,0.4804016376071517,Adj_AWP
2025,136,0.6484025166981494,1.4116921739481436e-17,0.4204258236604939,Adj_AWP
